,song name,description
0,Êò•Êó•ÂΩ±Ôºà„Ç¢„Éã„É°„ÄåBanG Dream! It's MyGO!!!!!„Äç#7 ÊåøÂÖ•Ê≠åÔºâ.mp3,"A hauntingly beautiful and ethereal soundscape unfolds with a delicate blend of Japanese influences and alternative rock elements, featuring a female vocalist whose emotive delivery evokes a sense of longing and introspection. The track's atmospheric production and intricate arrangements create a dreamlike atmosphere, inviting listeners into a world of emotional depth and sonic exploration."
1,It's Going Down Now.mp3,"A hauntingly beautiful and introspective piece, this music evokes a sense of melancholy and introspection, with its slow tempo and minor key creating a somber atmosphere. The emotional tone is deeply reflective, inviting listeners to explore their own inner worlds. The imagery it conjures is one of quiet contemplation, with a sense of longing and nostalgia that lingers long after the music has ended."
2,Sad Violin - Sound Effect (HD).mp3,"This song is a poignant and introspective journey through a melancholic and somber atmosphere, evoking a sense of solitude and reflection. Its gentle and delicate melody, combined with a restrained and restrained energy, creates an intimate and soothing ambiance that is both wistful and bittersweet. The emotional tone is deeply reflective, inviting listeners to explore their own feelings of sadness and longing, while the overall mood is one of quiet contemplation and introspection. The imagery it evokes is one of a quiet, rainy day, with a sense of longing and yearning that is both poignant and deeply moving"
3,ILLUMINATI CONFIRMED (The X-Files Theme) - Sound Effect (HD).mp3,"This music piece evokes a sense of introspective melancholy, with a slow and steady tempo that creates a somber and reflective atmosphere. The use of minor chords and a haunting melody adds to the emotional depth of the piece, while the subtle use of electronic elements creates a sense of otherworldliness. The overall effect is one of contemplation and introspection, with a sense of longing and yearning that lingers long after the music has ended."
4,„ÄêOfficial Music Video„ÄëÊ†û ‚ß∏ MyGO!!!!!„Äê„Ç™„É™„Ç∏„Éä„É´Ê•ΩÊõ≤„Äë.mp3,"A serene and introspective atmosphere unfolds with delicate female vocals and a gentle, flowing melody, evoking a sense of quiet reflection and emotional depth. The music's subtle dynamics and soothing harmonies create a tranquil and immersive experience, inviting listeners into a contemplative space."
5,Scheming Weasel Faster (Kevin Macleod) - Background Music (HD).mp3,"The music evokes a sense of mystery and intrigue, with a haunting and atmospheric quality that transports the listener to a shadowy, otherworldly realm. Its emotional tone is dark and brooding, with a sense of tension and unease that builds throughout the piece. The imagery it evokes is one of shadowy forests, ancient ruins, and abandoned castles, with a sense of foreboding and danger lurking just around the corner. The energy is subdued and introspective, with a sense of introspection and contemplation that invites the listener to explore their own inner world. Overall, the music creates a sense of otherness and mystery, with a haunting and atmospheric quality that is both captivating and unsettling."
6,Kirby dream land theme song.mp3,"The music evokes a sense of introspection and melancholy, with a slow tempo and a minor key that creates a somber and reflective atmosphere. The use of strings and piano adds to the emotional depth of the piece, while the subtle percussion provides a steady rhythm that grounds the music. The overall effect is one of contemplation and introspection, with a sense of longing and nostalgia that lingers long after the music has ended."
7,Wonder (Piranha Plants on Parade) ÔΩú Super Mario Bros. Wonder OST.mp3,"This song is a vibrant and eclectic mix of alternative indie rock and pop rock, with a playful and whimsical energy that is both uplifting and introspective. The lyrics are witty and humorous, with a touch of irony and sarcasm that adds to the overall sense of fun and mischief. The music is characterized by a bright and lively atmosphere, with a mix of acoustic and electronic elements that create a rich and textured sound. The vocals are expressive and emotive, with a range of tones and styles that reflect the song's complex emotional landscape. Overall, this song is a celebration of life's quirks and oddities, with a sense of joy and wonder that is both infectious and thought-provoking."
8,Curb Your Enthusiasm Meme (Frolic) - Background Music (HD).mp3,"This instrumental piece evokes a sense of nostalgia and introspection, with its gentle and soothing melody creating a calming atmosphere. The music's emotional tone is reflective and serene, inviting listeners to immerse themselves in a tranquil and contemplative state. The imagery it conjures is one of peaceful moments, perhaps a quiet sunset or a solitary walk in nature, where the mind can wander and the heart can find solace."
9,Nintendo Wii - Mii Channel Theme.mp3,"This instrumental piece evokes a sense of introspection and tranquility, with its gentle melodies and subtle harmonies creating a serene atmosphere. The music's emotional tone is reflective and calming, inviting listeners to immerse themselves in a peaceful, contemplative state. The imagery it conjures is one of quiet moments, perhaps in a serene garden or during a quiet sunrise, where the mind is free to wander and the heart is at ease."
10,sans..mp3,"This music piece evokes a sense of mystery and intrigue, with a haunting atmosphere that transports the listener to a shadowy, enigmatic realm. Its emotional tone is dark and brooding, creating a sense of tension and unease that lingers long after the music has ended. The imagery it conjures up is one of shadowy alleys, dimly lit streets, and ancient ruins, where the air is thick with secrets and the shadows move of their own accord. The music's energy is subtle yet powerful, drawing the listener in with its hypnotic rhythms and haunting melodies. Overall, this piece is a masterful blend of emotion and atmosphere, creating a truly immersive and unforgettable experience."
11,HUNTER X HUNTER OST 3 ÔºÇKINGDOM OF PREDATORSÔºÇ (TIKTOK MEME SOUNDTRACK).mp3,"The music evokes a sense of mystery and introspection, with a hauntingly beautiful melody that creates an atmosphere of contemplation and wonder. The emotional tone is melancholic yet uplifting, drawing the listener into a world of imagination and reflection. The sensory impressions are vivid, painting a picture of a dark and enigmatic landscape that is both eerie and captivating."
12,Weezer - Buddy Holly (2024 Remaster).mp3,"The music evokes a sense of introspective melancholy, with a slow, steady rhythm that creates a somber atmosphere. The emotional tone is deeply reflective, inviting listeners to immerse themselves in a contemplative state. The imagery it conjures is one of quiet solitude, with a gentle, yet persistent, emotional undertone that lingers long after the music has ended."
13,C418  - Sweden - Minecraft Volume Alpha.mp3,"A hauntingly beautiful piano piece with a slow tempo and a melancholic atmosphere, evoking a sense of longing and introspection. The music's gentle yet profound emotional tone creates an immersive experience, inviting listeners to reflect on their own thoughts and feelings."
14,Sneaky Adventure - Background Music (HD).mp3,"This music piece evokes a sense of mystery and intrigue, with a haunting and atmospheric quality that transports the listener to a shadowy, enigmatic world. Its emotional tone is dark and brooding, with a sense of tension and unease that builds throughout the track. The imagery it evokes is one of shadowy alleys, abandoned buildings, and dark forests, with a sense of foreboding and danger lurking just around the corner. The overall mood is one of suspense and anticipation, with a sense of something ominous and unsettling lurking just beneath the surface."
15,Spongebob Music - Background Music (HD).mp3,"This instrumental piece evokes a sense of whimsy and playfulness, with a light and airy atmosphere that transports the listener to a whimsical world of imagination. The music's gentle and soothing tones create a sense of calm and relaxation, while its intricate melodies and harmonies add a touch of sophistication and elegance. The overall mood is one of joy and positivity, with a sense of wonder and curiosity that invites the listener to explore and discover new worlds. The music's energy is subtle yet uplifting, with a sense of movement and flow that keeps the listener engaged and captivated. The emotional color of the piece is one of warmth and comfort, with a sense of nostalgia and longing that adds depth and meaning to the music. The sensory impressions are rich and varied, with a sense of texture and depth that creates a multi-dimensional experience. Overall, this instrumental piece is a beautiful and evocative work of art that captures the essence of the human experience and invites the listener to explore and discover new worlds of imagination and wonder."
16,üéµ Happy Boy End Theme - Kevin MacLeod üéß No Copyright Music üé∂ YouTube Audio Library.mp3,"This song is a captivating blend of alternative indie rock and pop rock, with a touch of alternative pop rock and indie rock. Its mood is both melancholic and uplifting, with a sense of longing and introspection that is both poignant and hopeful. The energy is dynamic and engaging, with a mix of driving rhythms and soaring melodies that create a sense of movement and progression. The emotional color is rich and complex, with shades of nostalgia, longing, and hope that evoke a range of sensory impressions. The atmosphere is both intimate and expansive, with a sense of space and depth that invites the listener to explore their own emotions and experiences. Overall, this song is a powerful and evocative journey through the many facets of the human experience, with a sound that is both timeless and contemporary."
17,Amazing Plan - Distressed - Kevin MacLeod.mp3,"This song is a captivating blend of emotions, evoking a sense of nostalgia and longing with its melancholic melody and heartfelt lyrics. The atmosphere is both introspective and uplifting, inviting listeners to reflect on their own experiences while feeling a sense of connection to the universal themes explored in the song. The imagery it conjures is vivid and evocative, painting a picture of a journey through life's ups and downs, with moments of joy and sorrow intertwined. Overall, this song is a powerful and moving tribute to the human experience, leaving a lasting impression on all who hear it"
18,Nothing Beats a Jet2holiday ÔΩú Sale ÔΩú Family ÔΩú TV advert.mp3,"This song is a captivating journey through a dreamlike landscape, evoking a sense of wonder and introspection. Its emotional tone is both melancholic and uplifting, creating an atmosphere that is both haunting and beautiful. The imagery it conjures is rich and vivid, painting a picture of a world that is both familiar and alien, inviting listeners to explore their own inner worlds. The mood is contemplative and reflective, with a gentle energy that builds to a crescendo of emotional intensity. Overall, this song is a powerful and evocative work that transcends genre and style, inviting listeners to lose themselves in its immersive and unforgettable soundscape."
19,Sanctuary Guardians.mp3,"The music evokes a serene and introspective atmosphere, with a gentle and soothing mood that invites reflection. Its emotional tone is calm and contemplative, creating a sense of tranquility and peace. The sensory impressions are subtle and nuanced, with a soft and ethereal quality that envelops the listener in a warm and comforting embrace."
20,Wii Shop Channel Main Theme (HQ).mp3,"This song is a hauntingly beautiful and introspective journey through a dark and mysterious forest, with a slow and deliberate pace that evokes a sense of foreboding and unease. The atmospheric and ethereal soundscapes create a sense of otherworldly beauty, while the haunting melodies and eerie harmonies conjure up images of ancient rituals and supernatural forces. The overall mood is one of melancholy and introspection, with a sense of longing and yearning that is both poignant and powerful. The song's emotional tone is one of sadness and loss, with a sense of longing and regret that is both haunting and beautiful. The sensory impressions are vivid and immersive, with a sense of depth and complexity that is both captivating and unsettling. Overall, this song is a powerful and evocative exploration of the human condition, with a sense of mystery and wonder that is both haunting and beautiful."
